MH Iteration|Current Decryption
0|6m p2 2namr'= )mk pn=' batm'=)3t' 2')=q p2 8)*9'= r)b' p' qn
100|er pl losrua= drk po=a bstra=dita lad=n pl -df:a= udba pa no
200|er nl loiruah drw noha bitrahdsta ladhp nl xdymah udba na po
300|er nl loiruav srw nova bitravsdta lasvp nl xsymav usba na po
400|er vd dsir,an orw vsna bitranolta daony vd uophan ,oba va ys
500|er c, ,sirdan or. csna bitranolta ,aony c, uophan doba ca ys
600|en ck kyindar on. cyra bitnarolta kaors ck uophar doba ca sy
700|en pk klindar on. plra bitnaroyta kaors pk uochar doba pa sl
800|en p, ,londar in. plra botnariyta ,airs p, fichar diba pa sl
900|en pu ulondar in. plra botnariyta uairs pu fichar diba pa sl
1000|en pl luondar in. pura botnariyta lairs pl fighar diba pa su
1100|en pl luondar in. pura cotnarixta lairs pl fighar dica pa su
1200|en pk kuondar inl pura comnarixma kairs pk fighar dica pa su
1300|en ck kuondar inl cura pomnarixma kairs ck fighar dipa ca su
1400|en ck koundar inl cora pumnarixma kairs ck fighar dipa ca so
1500|en ck koundar inl cora vumnarixma kairs ck fithar diva ca so
1600|en ck koundar inl cora vumnarixma kairs ck fithar diva ca so
1700|an ck kounder inl core vumnerixme keirs ck fither dive ce so
1800|an ck kounler ind core vumnerixme keirs ck fither live ce so
1900|an ck kounler ind core vumnerixme keirs ck fither live ce so
2000|an ck kounler ind core vumnerixme keirs ck fither live ce so
2100|an ck kounler ind core vumnerixme keirs ck fither live ce so
2200|an ck kounler ind core vumnerixme keirs ck fither live ce so
2300|an ck kounger ind core vumnerixme keirs ck fither give ce so
2400|an ck kounger ind core vulnerixle keirs ck fither give ce so
2500|an mk kounger ind more vulnerixle keirs mk fither give me so
2600|an mk kounger ind more vulneriple keirs mk fither give me so
2700|an mk kounger ind more vulneriple keirs mk fither give me so
2800|an mk kounger ind more vulneriple keirs mk fither give me so
2900|an mk kounger ind more vulneriple keirs mk fither give me so
3000|an mk kounger ind more vulneriple keirs mk fither give me so
3100|an mf founger ind more vulneriple feirs mf kither give me so
3200|an mf founger ind more vulneriple feirs mf kither give me so
3300|an mf founger ind more vulneriple feirs mf kither give me so
3400|an mf founger ind more vulneriple feirs mf kither give me so
3500|an mf founger ind more vulneriple feirs mf kither give me so
3600|an mf founger ind more vulneriple feirs mf kither give me so
3700|an mf founger ind more vulneriple feirs mf kither give me so
3800|an mf founger ind more vulneriple feirs mf kither give me so
3900|in mf founger and more vulneraple fears mf kather gave me so
4000|in mf founger and more vulneraple fears mf kather gave me so
4100|in mf founger and more vulneraple fears mf kather gave me so
4200|in mf founger and more vulnerable fears mf kather gave me so
4300|in mf founger and more vulnerable fears mf kather gave me so
4400|in mf founger and more vulnerable fears mf yather gave me so
4500|in mf founger and more vulnerable fears mf yather gave me so
4600|in mf founger and more vulnerable fears mf yather gave me so
4700|in mf founger and more vulnerable fears mf yather gave me so
4800|in mf founger and more vulnerable fears mf yather gave me so
4900|in mf founger and more vulnerable fears mf yather gave me so
5000|in mf founger and more vulnerable fears mf yather gave me so
5100|in mf founger and more vulnerable fears mf yather gave me so
5200|in mf founger and more vulnerable fears mf yather gave me so
5300|in my younger and more vulnerable years my father gave me so
5400|in my younger and more vulnerable years my father gave me so
5500|in my younger and more vulnerable years my father gave me so
5600|in my younger and more vulnerable years my father gave me so
5700|in my younger and more vulnerable years my father gave me so
5800|in my younger and more vulnerable years my father gave me so
5900|in my younger and more vulnerable years my father gave me so
6000|in my younger and more vulnerable years my father gave me so
6100|in my younger and more vulnerable years my father gave me so
6200|in my younger and more vulnerable years my father gave me so
6300|in my younger and more vulnerable years my father gave me so
6400|in my younger and more vulnerable years my father gave me so
6500|in my younger and more vulnerable years my father gave me so
6600|in my younger and more vulnerable years my father gave me so
6700|in my younger and more vulnerable years my father gave me so
6800|in my younger and more vulnerable years my father gave me so
6900|in my younger and more vulnerable years my father gave me so
7000|in my younger and more vulnerable years my father gave me so
7100|in my younger and more vulnerable years my father gave me so
7200|in my younger and more vulnerable years my father gave me so
7300|in my younger and more vulnerable years my father gave me so
7400|in my younger and more vulnerable years my father gave me so
7500|in my younger and more vulnerable years my father gave me so
7600|in my younger and more vulnerable years my father gave me so
7700|in my younger and more vulnerable years my father gave me so
7800|in my younger and more vulnerable years my father gave me so
7900|in my younger and more vulnerable years my father gave me so
8000|in my younger and more vulnerable years my father gave me so
8100|in my younger and more vulnerable years my father gave me so
8200|in my younger and more vulnerable years my father gave me so
8300|in my younger and more vulnerable years my father gave me so
8400|in my younger and more vulnerable years my father gave me so
8500|in my younger and more vulnerable years my father gave me so
8600|in my younger and more vulnerable years my father gave me so
8700|in my younger and more vulnerable years my father gave me so
8800|in my younger and more vulnerable years my father gave me so
8900|in my younger and more vulnerable years my father gave me so
9000|in my younger and more vulnerable years my father gave me so
9100|in my younger and more vulnerable years my father gave me so
9200|in my younger and more vulnerable years my father gave me so
9300|in my younger and more vulnerable years my father gave me so
9400|in my younger and more vulnerable years my father gave me so
9500|in my younger and more vulnerable years my father gave me so
9600|in my younger and more vulnerable years my father gave me so
9700|in my younger and more vulnerable years my father gave me so
9800|in my younger and more vulnerable years my father gave me so
9900|in my younger and more vulnerable years my father gave me so
10000|in my younger and more vulnerable years my father gave me so
